ID	Respuesta_Bot	Palabras_Clave	Enlace1_Texto	Enlace1_URL	Enlace2_Texto	Enlace2_URL
q_costos	Para descargar tus recibos de pago o consultar los valores de matrícula de tu programa, elige una opción a continuación. También puedes escribirnos por WhatsApp si necesitas atención personalizada:	costo, costos, precio, valor, cuanto vale, cuanto cuesta, pagar, cuanto debo pagar, valor de la matricula, que precio tiene, pago, como pago el semestre, donde pago, descargo el recibo, recibo de pago, imprimo el recibo, veo el recibo, generar el recibo, pago mi semestre, cuestan, cuesta, valen	Descargar Recibos	https://service.uan.edu.co/#recibos	Derechos Pecuniarios	https://www.uan.edu.co/inscripciones#derecho-pecuniarios
q_becas	Contamos con auxilios y becas para apoyarte.	beca, becas, auxilio, auxilios, descuento, descuentos, rebaja	Ver Becas	https://www.uan.edu.co/becas-y-auxilios		
q_financiacion	Con el Crédito UAN y entidades aliadas puedes financiar tus estudios.	financiacion, financiamiento, financiar, financio	Financiación	https://www.uan.edu.co/financiacion		
q_entidades_financieras	Conoce las entidades financieras aliadas con las que puedes tramitar el pago o crédito de tu matrícula.	entidades financieras, entidad financiera, bancos, banco, donde puedo pagar, entidades aliadas, alianzas financieras	Entidades Financieras	https://www.uan.edu.co/financiacion#entidades-financieras		
q_convenios_externos	Contamos con convenios externos para brindarte beneficios y opciones de financiación para tu matrícula.	convenios externos, convenio externo, convenios, convenio, alianzas	Convenios Externos	https://www.uan.edu.co/financiacion#convenios-externos		
q_credito	Opciones de crédito para financiar tus estudios.	credito, creditos, prestamo, cuotas	Crédito UAN	https://www.uan.edu.co/financiacion#credito-uan		
q_icetex	Información y trámites con ICETEX.	icetex	ICETEX	https://www.uan.edu.co/financiacion#icetex		
q_quiero_estudiar	¡Qué gran decisión! 🎓 En la UAN tenemos muchas opciones para tu futuro. Conoce nuestra oferta académica o contáctanos para asesorarte de manera personalizada:	quiero estudiar, que carreras, estudiar, carrera, matricula, inscripcion	Pregrados	https://www.uan.edu.co/pregrados	Posgrados	https://www.uan.edu.co/posgrados
q_quienes	Conoce nuestra historia, misión y visión.	quienes somos, mision, vision, que es la uan	Ver ¿Quiénes somos?	https://www.uan.edu.co/quienes-somos		
q_docinst	Encuentra nuestros estatutos, PEI, y otros documentos institucionales.	documentos, pei, estatutos	Ver Documentos	https://www.uan.edu.co/transparencia-y-acceso-a-la-informacion-publica#documentos-institucionales		
q_transparencia	Conoce nuestra política de transparencia y acceso a la información pública.	transparencia, informacion publica, acceso	Ver Transparencia	https://www.uan.edu.co/transparencia-y-acceso-a-la-informacion-publica		
q_verificar	Aquí puedes verificar la autenticidad de los certificados o títulos emitidos por la Universidad:	verificar, verificacion, pin, verificar certificado, titulo, empresa	Verificar con PIN	https://www.uan.edu.co/verificar	Verificación para Empresas	https://www.uan.edu.co/images/front/verificacion/documentos/VerificacionTitulosParaEmpresas.pdf
q_movilidad	Conoce las opciones de movilidad e intercambios en el exterior.	internacionalizacion, intercambio	Explorar Internacionalización	https://www.uan.edu.co/internacionalizacion		
q_calidad	Conoce nuestros procesos de autoevaluación, acreditación y el Sistema Interno de Aseguramiento de la Calidad (SIAC).	calidad, acreditacion, acreditada, siac, aseguramiento de calidad, aseguramiento de la calidad, aseguramiento de calidad de la universidad	Ver Acreditación y SIAC	http://acreditacion.uan.edu.co/		
q_bienestar	Bienestar Universitario te acompaña con programas de salud, cultura y deporte.	bienestar, salud, deporte, cultura, gimnasio, actividades, hay gimnasio, deportes, actividades culturales, bienestar universitario	Ir a Bienestar	https://www.uan.edu.co/bienestar-universitario		
q_pqrf	Radica tus peticiones, quejas, reclamos y sugerencias.	pqrf, queja, reclamo	Ir a PQRF	https://www.uan.edu.co/pqrf		
q_investigacion	Descubre nuestros semilleros, grupos de investigación e innovación.	investigacion, semillero, innovacion, inovacion, investigacion de innovacion, investigacion e innovacion	Investigación e Innovación	http://investigacion.uan.edu.co/		
q_gatt	Gestión de la Apropiación Social del Conocimiento y Transferencia Tecnológica (GATT).	gatt	Ver GATT	http://investigacion.uan.edu.co/		
q_laboratorios	Conoce nuestra red de laboratorios para prácticas e investigación.	laboratorio, laboratorios	Laboratorios	https://www.uan.edu.co/laboratorios		
q_continuada	Página oficial de la oferta de Educación Continuada. Consulta aquí toda la programación actualizada de cursos, diplomados, seminarios y eventos.	educacion continuada, continuada, curso, cursos, diplomado, diplomados, seminario, seminarios, taller, talleres, congreso, congresos, simposio, simposios, coloquio, coloquios, conferencia, conferencias, foro, foros, encuentro, encuentros, charla, charlas	Educación Continuada	https://service.uan.edu.co/#continuada/oferta		
q_lideres	Aquí puedes conocer a las directivas y líderes académicos.	lideres, rector	Líderes UAN	https://www.uan.edu.co/lideres-uan		
q_calendario	Aquí puedes consultar todas las fechas importantes del periodo en nuestro Calendario Académico único:	calendario, calendario academico, fechas, fecha, cuando termino semestre, cuando salgo de clases, fin de semestre, termino semestre, cuando se acaba, vacaciones, cuando salimos, cuando entro, inicio de clases, fin de clases, cuando comenzamos, cuando terminamos, cronograma, empiezan clases, terminan clases, inicio a clases, inician clases, empiezo clases, cuando entro a estudiar, inicio semestre, empieza semestre, comienzan clases, regreso a clases, receso, fin del semestre, termina el semestre, finalizan las clases, primer dia de clases, cuando salgo a vacaciones, comienza el semestre, arrancan las clases, volvemos a estudiar, termina este periodo, acaba el semestre, vacacional, descanso, cuando empiezan las clases, cuando inicio clases, que dia empiezan las clases, que fecha inicia, ya comenzaron las clases, cuando empiezan las vacaciones, cuando son las vacaciones, cuando finalizan las clases, hasta cuando hay clases, cuando termino clases, termino clases, que dia entro a estudiar, entro a estudiar, fechas estudiante, terminacion de semestre, terminacion del semestre, finalizacion de semestre	Ver Calendario Académico	https://www.uan.edu.co/inscripciones#calendario-academico-semestre-2-2026		
q_carne	Para información sobre tu carné (expedición, pérdida o duplicado), puedes acercarte a la oficina de Registro de tu sede o contactar a nuestro equipo de atención:	carne, perdi mi carne, saco el carne, solicito el carne, duplicado del carne, necesito el carne	💬 Chat WhatsApp	https://api.whatsapp.com/send/?phone=573223447443&text=Hola,%20necesito%20ayuda%20con%20mi%20carn%C3%A9		
q_campus	Accede al Campus Virtual para tus clases y aulas virtuales.	campus, aula virtual, moodle, ingresar al campus, abre el campus, aula virtual no carga, entrar a mis clases, clases virtuales, donde estan mis clases, mis clases, ver mis clases	Campus Virtual	https://campusvirtual.uan.edu.co/		
q_correo	Accede a tu correo electrónico institucional.	correo estudiante	Correo Institucional	https://service.uan.edu.co/#recuperar/correo		
q_mango	Accede al portal de estudiantes (MANGO).	mango, portal, horario, notas, donde veo mis notas, mis notas, calificaciones, salieron las notas, revisar mis calificaciones, donde estan mis notas, donde veo mi horario, mi horario, horario de clases, materias inscritas, como hago la matricula, matriculo materias, matricula academica, matriculas, matricular materias, hacer la matricula, entrar a mango, bloqueo mango, abre mango, portal del estudiante, donde puedo inscribir materias, inscribir materias, inscripcion de materias, actualizar datos, actualizo mis datos, cambiar numero, cambio de datos, mis materias, veo mis materias, que materias tengo, semestre voy, en que semestre voy, cuantas materias puedo inscribir	Acceder a MANGO	https://service.uan.edu.co/mango/		
q_certificados	Solicita tus certificados y constancias de estudio.	certificado estudiante, constancia estudiante	Solicitar Certificados	https://www.uan.edu.co/estudiantes#servicios/certificados-contenidos-y-constancias		
q_reingresos	Consulta los requisitos para tu proceso de reingreso.	reingreso, deje de estudiar, volver a estudiar, hago un reingreso, me sali, salir de la universidad, volver a ingresar, como ingreso de nuevo, suspendi mis estudios, regresar a la universidad, dejo de estudiar, dejar de estudiar, congelar, aplazar, aplazamiento, suspender, congelar semestre, aplazar semestre, cancelo el semestre, cancelar semestre	Ver Reingresos	https://www.uan.edu.co/estudiantes#servicios/reingresos		
q_transferencia	Página oficial del programa académico Transferencias. Contiene información detallada sobre la presentación del programa, modalidad de estudio, en qué sede se encuentra y perfil profesional.	transferencia estudiante	Transferencias	https://www.uan.edu.co/estudiantes#servicios/transferencias		
q_pecuniarios	Los Derechos Pecuniarios son las tarifas oficiales de matrícula.	pecuniario	Derechos Pecuniarios	https://www.uan.edu.co/inscripciones#derecho-pecuniarios		
q_reglamento	El Reglamento Estudiantil es tu guía normativa.	reglamento estudiantil, pierdo una materia, perdi una materia, perdi materia, prueba academica, bajo rendimiento	Ver Reglamento	https://www.uan.edu.co/estudiantes#reglamento-estudiantil		
q_reglamento_grado	Conoce las opciones y requisitos para tu trabajo de grado.	trabajo de grado, tesis, grado, como me graduo, necesito para graduarme, cuando son los grados, fechas de grado, ceremonia de grado, quiero graduarme, mi diploma, el diploma, acta de grado, carton de grado, diploma	Reglamento Grado	https://www.uan.edu.co/estudiantes#reglamento-trabajo-grado		
q_proficiencia	Cursos de proficiencia obligatorios para estudiantes.	proficiencia	Proficiencia	https://www.uan.edu.co/estudiantes-cursos-de-proficiencia		
q_matlab_est	Manual de uso y licencia de Matlab para Estudiantes.	matlab	Matlab Estudiantes	https://www.uan.edu.co/images/institucion/comunidad/estudiantes/documentos/ManualUsoLicenciaMatlabEstudiantes-Oct2017.pdf		
q_crai	Accede a las bases de datos y recursos de CRAI.	crai, biblioteca, libros, queda la biblioteca, saco un libro, ingreso a la biblioteca, bases de datos, biblioteca virtual	CRAI	https://biblioteca.uan.edu.co/		
q_jovenes_e	Página oficial del programa académico Jóvenes a la E. Contiene información detallada sobre la presentación del programa, modalidad de estudio, en qué sede se encuentra y perfil profesional.	jovenes a la e, jovenes en accion	Jóvenes a la E	https://www.uan.edu.co/estudiantes#servicios/jovenes-a-la-e		
q_empleo	Nuestra bolsa de empleo exclusiva para egresados UAN.	empleo, bolsa de empleo	Bolsa de Empleo	https://www.uan.edu.co/egresados#empleo		
q_feria_proy	Participa en la Feria de Proyección Profesional.	feria de proyeccion	Feria de Proyección	https://www.uan.edu.co/egresados-feria-de-proyeccion-profesional		
q_act_datos	Mantén tus datos actualizados para seguir recibiendo beneficios.	actualizar datos	Actualizar Datos	https://service.uan.edu.co/#egresado/actualizarDatos		
q_tarjeta_prof	Información para tramitar tu tarjeta profesional.	tarjeta profesional	Tarjeta Profesional	https://www.uan.edu.co/egresados#servicios/tarjeta-profesional		
q_certificados_egre	Trámites y certificaciones para egresados.	certificacion egresado	Certificaciones	https://www.uan.edu.co/egresados#servicios/certificaciones-y-tramites		
q_whatsapp_asp	Nuestro equipo de admisiones está listo para ayudarte con todas tus dudas a través de WhatsApp:	whatsapp, asesor, ayuda aspirante	💬 Ir a WhatsApp	https://api.whatsapp.com/send/?phone=573223447443&text=Hola,%20soy%20aspirante%20y%20necesito%20ayuda		
q_inscribirse_asp	Inicia tu proceso de inscripción. Para ayuda personalizada, escríbenos:	inscribirse, inscribirme, inscripcion, inscripciones, admision, ingreso a la universidad, cupos, hay cupos, matricularme, como entro, entrar a la universidad, estudiantes nuevos, aceptan estudiantes	Inscripciones	https://www.uan.edu.co/inscripciones	💬 Chat WhatsApp	https://api.whatsapp.com/send/?phone=573223447443&text=Hola,%20quiero%20inscribirme
q_calendario_asp	Conoce las fechas de admisiones. Contáctanos si tienes dudas:	calendario admisiones	Calendario	https://www.uan.edu.co/inscripciones#calendario-academico-semestre-2-2026	💬 Chat WhatsApp	https://api.whatsapp.com/send/?phone=573223447443&text=Hola,%20tengo%20dudas%20del%20calendario
q_transferencia_asp	Inicia tu proceso de transferencia. Te asesoramos:	transferencia aspirante	Transferencias	https://www.uan.edu.co/inscripciones#servicios/transferencias	💬 Chat WhatsApp	https://api.whatsapp.com/send/?phone=573223447443&text=Hola,%20busco%20hacer%20transferencia
q_pagos_asp	Conoce nuestras opciones de becas y pagos. Te asesoramos por WhatsApp:	pagos aspirante	Pagos	https://www.uan.edu.co/inscripciones#servicios/pagos	Becas	https://www.uan.edu.co/becas-y-auxilios
q_credito_asp	Aplica al crédito UAN u otras entidades. Habla con un asesor:	credito aspirante	Crédito	https://www.uan.edu.co/financiacion#credito-uan	💬 Chat WhatsApp	https://api.whatsapp.com/send/?phone=573223447443&text=Hola,%20busco%20opciones%20de%20cr%C3%A9dito
q_icetex_asp	Financia tu carrera con ICETEX. Te guiamos paso a paso:	icetex aspirante	ICETEX	https://www.uan.edu.co/financiacion#icetex	💬 Chat WhatsApp	https://api.whatsapp.com/send/?phone=573223447443&text=Hola,%20tengo%20dudas%20sobre%20ICETEX
q_pera	Información y servicios dedicados a nuestros docentes (PERA).	pera, profesor	Portal PERA	https://service.uan.edu.co/pera/		
q_correo_prof	Accede a tu correo electrónico institucional docente.	correo profesor	Correo Docente	https://service.uan.edu.co/#recuperar/correo		
q_excelencia_docente	Centro de Excelencia Docente para la formación de profesores.	excelencia docente	Excelencia Docente	https://www.uan.edu.co/profesores#centro-de-excelencia		
q_capacitacion_docente	Portafolio de capacitación docente.	capacitacion docente	Capacitación Docente	https://www.uan.edu.co/images/institucion/comunidad/profesores/documentos/CapacitacionDocente/Portafolio2-2025.pdf		
q_estatuto_prof	Conoce el Estatuto Profesoral vigente.	estatuto profesoral	Estatuto Profesoral	https://www.uan.edu.co/profesores#estatuto-profesoral		
q_reglamento_prof	Reglamento de promoción en el escalafón profesoral.	reglamento profesor	Reglamento Docente	https://www.uan.edu.co/profesores#reglamento-promocion-en-el-escalafon-profesoral		
q_matlab_prof	Manual de uso y licencia de Matlab para Docentes e Investigadores.	matlab profesor	Matlab Profesores	https://www.uan.edu.co/images/institucion/comunidad/profesores/documentos/ManualUsoLicenciaMatlabDocentesInvestigadores-Oct2017.pdf		
q_uva	Información y servicios dedicados a nuestros administrativos (Portal UVA).	uva, portal uva	Portal UVA	https://service.uan.edu.co/uva/		
q_correo_admin	Accede a tu correo electrónico institucional como administrativo.	correo administrativo	Correo Administrativo	https://service.uan.edu.co/#recuperar/correo		
q_cert_laboral	Solicita tu certificado laboral como administrativo o docente.	certificado laboral	Certificado Laboral	http://sifa.uan.edu.co/index_scripts.php?clase=Certificacion&metodo=certifica		
q_beneficios_colab	Conoce los beneficios institucionales para colaboradores (administrativos y docentes).	beneficios colaboradores, beneficios administrativos, beneficios docentes, beneficios profesores	Beneficios UAN	https://www.uan.edu.co/beneficios-uan		
q_beneficios_est	Conoce los beneficios, becas, auxilios y servicios de Bienestar diseñados para nuestros estudiantes.	beneficios estudiantes, beneficios estudiante	Becas y Auxilios	https://www.uan.edu.co/becas-y-auxilios	Bienestar Universitario	https://www.uan.edu.co/bienestar-universitario
q_convivencia	Página oficial del programa académico Comité Convivencia. Contiene información detallada sobre la presentación del programa, modalidad de estudio, en qué sede se encuentra y perfil profesional.	comite de convivencia	Comité Convivencia	https://www.uan.edu.co/gestion-humana#comite-convivencia-laboral		
q_copasst	Página oficial del programa académico Comité COPASST. Contiene información detallada sobre la presentación del programa, modalidad de estudio, en qué sede se encuentra y perfil profesional.	copasst	Comité COPASST	https://www.uan.edu.co/gestion-humana#comite-copasst		
q_siguan	Accede al Sistema de Gestión (SIGUAN).	siguan, sistema de gestion	SIGUAN	https://www.uan.edu.co/siguan		
q_ayuda_general	¡Claro que sí! Estoy aquí para orientarte. Para darte la mejor información, elige tu perfil a continuación o comunícate por WhatsApp:	mas informacion, ayuda, tengo una duda, pregunta, asesoria, necesito ayuda, quiero saber, no encuentro, servicios, servicio, que ofrecen, ofrecen, que debo hacer, cancelar una materia, retiro una materia, cancelar una asignatura, elimino una materia, retirar una materia, no encuentro la informacion, con quien hablo, quien me puede ayudar, donde hago ese tramite, no se como hacerlo, necesito orientacion, alguien que me ayude, que documentos necesito, cuales son los requisitos, que debo llevar, donde encuentro esa informacion, tienen alguna afiliacion, afiliacion, como hago ese tramite, que necesito, cuanto demora, es obligatorio, donde lo solicito, por internet, presencialmente, la pagina no abre, enlace no funciona, me aparece un error, error, esta caida, caida, cancelo una materia, donde hago eso, que tengo que hacer	💬 Chat WhatsApp	https://api.whatsapp.com/send/?phone=573223447443&text=Hola,%20necesito%20ayuda%20o%20m%C3%A1s%20informaci%C3%B3n		
q_contacto	Puedes contactarnos a través de nuestro directorio institucional o escribirnos directamente a WhatsApp para atención rápida:	contacto, telefono, direccion, donde quedan, comunicarme, llamar, numero, whatsapp, quiero ser parte de su equipo, trabajar con nosotros, vacantes, ofertas laborales, equipo de trabajo	💬 Chat WhatsApp	https://api.whatsapp.com/send/?phone=573223447443&text=Hola,%20necesito%20contactarme%20con%20la%20universidad		
q_humano	Entiendo. A veces es mejor hablar con una persona. Haz clic abajo para comunicarte con uno de nuestros asesores:	humano, persona, asesor, alguien real, representante, hablar con alguien, atencion al cliente	💬 Hablar con un humano	https://api.whatsapp.com/send/?phone=573223447443&text=Hola,%20necesito%20hablar%20con%20un%20asesor		
q_pass_mango	Para recuperar tu contraseña de MANGO, ingresa tu número de documento en el siguiente enlace:		🔑 Recuperar Contraseña	https://service.uan.edu.co/#recuperar/mango		
q_pass_pera	Para recuperar tu contraseña de PERA, ingresa tu número de documento en el siguiente enlace:		🔑 Recuperar Contraseña	https://service.uan.edu.co/#recuperar/pera		
q_pass_uva	Para recuperar tu contraseña de UVA, ingresa tu número de documento en el siguiente enlace:		🔑 Recuperar Contraseña	https://service.uan.edu.co/#recuperar/uva		
q_pass_correo	Para recuperar la contraseña de tu Correo Institucional, ingresa tu número de documento en el siguiente enlace:		🔑 Recuperar Contraseña	https://service.uan.edu.co/#recuperar/correo		
q_armenia	Página oficial de la Sede Armenia. Contiene información sobre la oferta académica de pregrados y posgrados disponibles en esta sede, así como la dirección física y números de contacto. Allí puedes ver los eventos y demás información de la sede/facultad.	armenia	Armenia	https://www.uan.edu.co/armenia		
q_aseguramiento_de_la_calidad	Página oficial de la Sede Aseguramiento De La Calidad. Contiene información sobre la oferta académica de pregrados y posgrados disponibles en esta sede, así como la dirección física y números de contacto.	aseguramiento de la calidad, aseguramiento, de, la, calidad	Aseguramiento De La Calidad	https://www.uan.edu.co/aseguramiento-de-la-calidad		
q_bucaramanga	Página oficial de la Sede Bucaramanga. Contiene información sobre la oferta académica de pregrados y posgrados disponibles en esta sede, así como la dirección física y números de contacto. Allí puedes ver los eventos y demás información de la sede/facultad.	bucaramanga	Bucaramanga	https://www.uan.edu.co/bucaramanga		
q_buenaventura	Página oficial de la Sede Buenaventura. Contiene información sobre la oferta académica de pregrados y posgrados disponibles en esta sede, así como la dirección física y números de contacto.	buenaventura, buenaventura	Buenaventura	https://www.uan.edu.co/buenaventura		
q_buga	Página oficial de la Sede Buga. Contiene información sobre la oferta académica de pregrados y posgrados disponibles en esta sede, así como la dirección física y números de contacto.	buga, buga	Buga	https://www.uan.edu.co/buga		
q_buscar	Página oficial del programa académico Buscar. Contiene información detallada sobre la presentación del programa, modalidad de estudio, en qué sede se encuentra y perfil profesional.	buscar, buscar	Buscar	https://www.uan.edu.co/buscar		
q_cali	Página oficial de la Sede Cali. Contiene información sobre la oferta académica de pregrados y posgrados disponibles en esta sede, así como la dirección física y números de contacto. Allí puedes ver los eventos y demás información de la sede/facultad.	cali	Cali	https://www.uan.edu.co/cali		
q_cartagena	Página oficial de la Sede Cartagena. Contiene información sobre la oferta académica de pregrados y posgrados disponibles en esta sede, así como la dirección física y números de contacto.	cartagena, cartagena	Cartagena	https://www.uan.edu.co/cartagena		
q_cartago	Página oficial de la Sede Cartago. Contiene información sobre la oferta académica de pregrados y posgrados disponibles en esta sede, así como la dirección física y números de contacto.	cartago, cartago	Cartago	https://www.uan.edu.co/cartago		
q_circunvalar	Página oficial de la Sede Circunvalar. Contiene información sobre la oferta académica de pregrados y posgrados disponibles en esta sede, así como la dirección física y números de contacto. Allí puedes ver los eventos y demás información de la sede/facultad.	circunvalar	Circunvalar	https://www.uan.edu.co/circunvalar		
q_cucuta	Página oficial de la Sede Cucuta. Contiene información sobre la oferta académica de pregrados y posgrados disponibles en esta sede, así como la dirección física y números de contacto.	cucuta, cucuta	Cucuta	https://www.uan.edu.co/cucuta		
q_duitama	Página oficial de la Sede Duitama. Contiene información sobre la oferta académica de pregrados y posgrados disponibles en esta sede, así como la dirección física y números de contacto.	duitama, duitama	Duitama	https://www.uan.edu.co/duitama		
q_facultad_de_artes	Página oficial del programa académico Facultad De Artes. Contiene información detallada sobre la presentación del programa, modalidad de estudio, en qué sede se encuentra y perfil profesional. Allí puedes ver los eventos y demás información de la sede/facultad.	facultad de artes, facultad, de, artes	Facultad De Artes	https://www.uan.edu.co/facultad-de-artes		
q_facultad_de_ciencias	Página oficial del programa académico Facultad De Ciencias. Contiene información detallada sobre la presentación del programa, modalidad de estudio, en qué sede se encuentra y perfil profesional. Allí puedes ver los eventos y demás información de la sede/facultad.	facultad de ciencias, facultad, de, ciencias	Facultad De Ciencias	https://www.uan.edu.co/facultad-de-ciencias		
q_facultad_de_ciencias_economicas_y_admini	Página oficial del programa académico Facultad De Ciencias Economicas Y Administrativas. Contiene información detallada sobre la presentación del programa, modalidad de estudio, en qué sede se encuentra y perfil profesional. Allí puedes ver los eventos y demás información de la sede/facultad.	facultad de ciencias economicas y admini, facultad, de, ciencias, economicas, y, admini	Facultad De Ciencias Economicas Y Administrativas	https://www.uan.edu.co/facultad-de-ciencias-economicas-y-administrativas		
q_facultad_de_derecho	Página oficial del programa académico Facultad De Derecho. Contiene información detallada sobre la presentación del programa, modalidad de estudio, en qué sede se encuentra y perfil profesional. Allí puedes ver los eventos y demás información de la facultad.	facultad de derecho, facultad, de, derecho	Facultad De Derecho	https://www.uan.edu.co/facultad-de-derecho		
q_facultad_de_educacion	Página oficial del programa académico Facultad De Educacion. Contiene información detallada sobre la presentación del programa, modalidad de estudio, en qué sede se encuentra y perfil profesional. Allí puedes ver los eventos y demás información de la sede/facultad.	facultad de educacion, facultad, de, educacion	Facultad De Educacion	https://www.uan.edu.co/facultad-de-educacion		
q_facultad_de_enfermeria	Página oficial del programa académico Facultad De Enfermeria. Contiene información detallada sobre la presentación del programa, modalidad de estudio, en qué sede se encuentra y perfil profesional. Allí puedes ver los eventos y demás información de la sede/facultad.	facultad de enfermeria, facultad, de, enfermeria	Facultad De Enfermeria	https://www.uan.edu.co/facultad-de-enfermeria		
q_facultad_de_ingenieria_ambiental	Página oficial del programa académico Facultad De Ingenieria Ambiental. Contiene información detallada sobre la presentación del programa, modalidad de estudio, en qué sede se encuentra y perfil profesional. Allí puedes ver los eventos y demás información de la facultad.	facultad de ingenieria ambiental, facultad, de, ingenieria, ambiental	Facultad De Ingenieria Ambiental	https://www.uan.edu.co/facultad-de-ingenieria-ambiental		
q_facultad_de_ingenieria_civil	Página oficial del programa académico Facultad De Ingenieria Civil. Contiene información detallada sobre la presentación del programa, modalidad de estudio, en qué sede se encuentra y perfil profesional. Allí puedes ver los eventos y demás información de la facultad.	facultad de ingenieria civil, facultad, de, ingenieria, civil	Facultad De Ingenieria Civil	https://www.uan.edu.co/facultad-de-ingenieria-civil		
q_facultad_de_ingenieria_de_sistemas	Página oficial del programa académico Facultad De Ingenieria De Sistemas. Contiene información detallada sobre la presentación del programa, modalidad de estudio, en qué sede se encuentra y perfil profesional. Allí puedes ver los eventos y demás información de la facultad.	facultad de ingenieria de sistemas, facultad, de, ingenieria, de, sistemas	Facultad De Ingenieria De Sistemas	https://www.uan.edu.co/facultad-de-ingenieria-de-sistemas		
q_facultad_de_ingenieria_industrial	Página oficial del programa académico Facultad De Ingenieria Industrial. Contiene información detallada sobre la presentación del programa, modalidad de estudio, en qué sede se encuentra y perfil profesional. Allí puedes ver los eventos y demás información de la sede/facultad.	facultad de ingenieria industrial, facultad, de, ingenieria, industrial	Facultad De Ingenieria Industrial	https://www.uan.edu.co/facultad-de-ingenieria-industrial		
q_facultad_de_ingenieria_mecanica_electron	Página oficial del programa académico Facultad De Ingenieria Mecanica Electronica Y Biomedica. Contiene información detallada sobre la presentación del programa, modalidad de estudio, en qué sede se encuentra y perfil profesional. Allí puedes ver los eventos y demás información de la facultad.	facultad de ingenieria mecanica electronica y biomedica, facultad, de, ingenieria, mecanica, electronica, y, biomedica	Facultad De Ingenieria Mecanica Electronica Y Biomedica	https://www.uan.edu.co/facultad-de-ingenieria-mecanica-electronica-y-biomedica		
q_facultad_de_medicina	Página oficial del programa académico Facultad De Medicina. Contiene información detallada sobre la presentación del programa, modalidad de estudio, en qué sede se encuentra y perfil profesional. Allí puedes ver los eventos y demás información de la sede/facultad.	facultad de medicina, facultad, de, medicina	Facultad De Medicina	https://www.uan.edu.co/facultad-de-medicina		
q_facultad_de_medicina_veterinaria	Página oficial del programa académico Facultad De Medicina Veterinaria. Contiene información detallada sobre la presentación del programa, modalidad de estudio, en qué sede se encuentra y perfil profesional. Allí puedes ver los eventos y demás información de la facultad.	facultad de medicina veterinaria, facultad, de, medicina, veterinaria	Facultad De Medicina Veterinaria	https://www.uan.edu.co/facultad-de-medicina-veterinaria		
q_facultad_de_odontologia	Página oficial del programa académico Facultad De Odontologia. Contiene información detallada sobre la presentación del programa, modalidad de estudio, en qué sede se encuentra y perfil profesional. Allí puedes ver los eventos y demás información de la sede/facultad.	facultad de odontologia, facultad, de, odontologia	Facultad De Odontologia	https://www.uan.edu.co/facultad-de-odontologia		
q_facultad_de_optometria	Página oficial del programa académico Facultad De Optometria. Contiene información detallada sobre la presentación del programa, modalidad de estudio, en qué sede se encuentra y perfil profesional. Allí puedes ver los eventos y demás información de la facultad.	facultad de optometria, facultad, de, optometria	Facultad De Optometria	https://www.uan.edu.co/facultad-de-optometria		
q_facultad_de_psicologia	Página oficial del programa académico Facultad De Psicologia. Contiene información detallada sobre la presentación del programa, modalidad de estudio, en qué sede se encuentra y perfil profesional. Allí puedes ver los eventos y demás información de la sede/facultad.	facultad de psicologia, facultad, de, psicologia	Facultad De Psicologia	https://www.uan.edu.co/facultad-de-psicologia		
q_facultad_de_terapias_psicosociales	Página oficial del programa académico Facultad De Terapias Psicosociales. Contiene información detallada sobre la presentación del programa, modalidad de estudio, en qué sede se encuentra y perfil profesional. Allí puedes ver los eventos y demás información de la facultad.	facultad de terapias psicosociales, facultad, de, terapias, psicosociales	Facultad De Terapias Psicosociales	https://www.uan.edu.co/facultad-de-terapias-psicosociales		
q_federman	Página oficial del programa académico Federman. Contiene información detallada sobre la presentación del programa, modalidad de estudio, en qué sede se encuentra y perfil profesional. Allí puedes ver los eventos y demás información de la sede/facultad.	federman	Federman	https://www.uan.edu.co/federman		
q_gatt	Página oficial del programa académico Gatt. Contiene información detallada sobre la presentación del programa, modalidad de estudio, en qué sede se encuentra y perfil profesional.	gatt, gatt	Gatt	https://www.uan.edu.co/gatt		
q_ibague	Página oficial de la Sede Ibague. Contiene información sobre la oferta académica de pregrados y posgrados disponibles en esta sede, así como la dirección física y números de contacto. Allí puedes ver los eventos y demás información de la sede/facultad.	ibague	Ibague	https://www.uan.edu.co/ibague		
q_iberica	Página oficial del programa académico Iberica. Contiene información detallada sobre la presentación del programa, modalidad de estudio, en qué sede se encuentra y perfil profesional.	iberica, iberica	Iberica	https://www.uan.edu.co/iberica		
q_manizales	Página oficial de la Sede Manizales. Contiene información sobre la oferta académica de pregrados y posgrados disponibles en esta sede, así como la dirección física y números de contacto.	manizales, manizales	Manizales	https://www.uan.edu.co/manizales		
q_medellin	Página oficial de la Sede Medellin. Contiene información sobre la oferta académica de pregrados y posgrados disponibles en esta sede, así como la dirección física y números de contacto.	medellin, medellin	Medellin	https://www.uan.edu.co/medellin		
q_neiva	Página oficial de la Sede Neiva. Contiene información sobre la oferta académica de pregrados y posgrados disponibles en esta sede, así como la dirección física y números de contacto. Allí puedes ver los eventos y demás información de la sede/facultad.	neiva	Neiva	https://www.uan.edu.co/neiva		
q_palmira	Página oficial de la Sede Palmira. Contiene información sobre la oferta académica de pregrados y posgrados disponibles en esta sede, así como la dirección física y números de contacto.	palmira, palmira	Palmira	https://www.uan.edu.co/palmira		
q_pasto	Página oficial de la Sede Pasto. Contiene información sobre la oferta académica de pregrados y posgrados disponibles en esta sede, así como la dirección física y números de contacto.	pasto, pasto	Pasto	https://www.uan.edu.co/pasto		
q_pereira	Página oficial de la Sede Pereira. Contiene información sobre la oferta académica de pregrados y posgrados disponibles en esta sede, así como la dirección física y números de contacto.	pereira, pereira	Pereira	https://www.uan.edu.co/pereira		
q_popayan	Página oficial de la Sede Popayan. Contiene información sobre la oferta académica de pregrados y posgrados disponibles en esta sede, así como la dirección física y números de contacto. Allí puedes ver los eventos y demás información de la sede/facultad.	popayan	Popayan	https://www.uan.edu.co/popayan		
q_puerto_colombia	Página oficial de la Sede Puerto Colombia. Contiene información sobre la oferta académica de pregrados y posgrados disponibles en esta sede, así como la dirección física y números de contacto.	puerto colombia, puerto, colombia	Puerto Colombia	https://www.uan.edu.co/puerto-colombia		
q_quibdo	Página oficial de la Sede Quibdo. Contiene información sobre la oferta académica de pregrados y posgrados disponibles en esta sede, así como la dirección física y números de contacto. Allí puedes ver los eventos y demás información de la sede/facultad.	quibdo	Quibdo	https://www.uan.edu.co/quibdo		
q_riohacha	Página oficial de la Sede Riohacha. Contiene información sobre la oferta académica de pregrados y posgrados disponibles en esta sede, así como la dirección física y números de contacto. Allí puedes ver los eventos y demás información de la sede/facultad.	riohacha	Riohacha	https://www.uan.edu.co/riohacha		
q_roldanillo	Página oficial de la Sede Roldanillo. Contiene información sobre la oferta académica de pregrados y posgrados disponibles en esta sede, así como la dirección física y números de contacto. Allí puedes ver los eventos y demás información de la sede/facultad.	roldanillo	Roldanillo	https://www.uan.edu.co/roldanillo		
q_santa_marta	Página oficial de la Sede Santa Marta. Contiene información sobre la oferta académica de pregrados y posgrados disponibles en esta sede, así como la dirección física y números de contacto. Allí puedes ver los eventos y demás información de la sede/facultad.	santa marta, santa, marta	Santa Marta	https://www.uan.edu.co/santa-marta		
q_sur	Página oficial del programa académico Sur. Contiene información detallada sobre la presentación del programa, modalidad de estudio, en qué sede se encuentra y perfil profesional. Allí puedes ver los eventos y demás información de la sede/facultad.	sur	Sur	https://www.uan.edu.co/sur		
q_tunja	Página oficial de la Sede Tunja. Contiene información sobre la oferta académica de pregrados y posgrados disponibles en esta sede, así como la dirección física y números de contacto. Allí puedes ver los eventos y demás información de la sede/facultad.	tunja	Tunja	https://www.uan.edu.co/tunja		
q_valledupar	Página oficial de la Sede Valledupar. Contiene información sobre la oferta académica de pregrados y posgrados disponibles en esta sede, así como la dirección física y números de contacto. Allí puedes ver los eventos y demás información de la sede/facultad.	valledupar	Valledupar	https://www.uan.edu.co/valledupar		
q_villavicencio	Página oficial de la Sede Villavicencio. Contiene información sobre la oferta académica de pregrados y posgrados disponibles en esta sede, así como la dirección física y números de contacto.	villavicencio, villavicencio	Villavicencio	https://www.uan.edu.co/villavicencio		
q_notiuan	Página oficial del programa académico Notiuan. Contiene información detallada sobre la presentación del programa, modalidad de estudio, en qué sede se encuentra y perfil profesional.	notiuan, notiuan	Notiuan	https://www.uan.edu.co/noticias/notiuan		
q_sedes	Página oficial de la Sede Sedes. Contiene información sobre la oferta académica de pregrados y posgrados disponibles en esta sede, así como la dirección física y números de contacto.	sedes, sedes	Sedes	https://www.uan.edu.co/sedes		
q_aviso_legal	Página oficial del programa académico Aviso Legal. Contiene información detallada sobre la presentación del programa, modalidad de estudio, en qué sede se encuentra y perfil profesional.	aviso legal, aviso, legal	Aviso Legal	https://www.uan.edu.co/aviso-legal		
q_preguntas_frecuentes	Página oficial del programa académico Preguntas Frecuentes. Contiene información detallada sobre la presentación del programa, modalidad de estudio, en qué sede se encuentra y perfil profesional.	preguntas frecuentes, preguntas, frecuentes	Preguntas Frecuentes	https://www.uan.edu.co/preguntas-frecuentes		
q_politica_de_proteccion_de_datos	Página oficial del programa académico Politica De Proteccion De Datos. Contiene información detallada sobre la presentación del programa, modalidad de estudio, en qué sede se encuentra y perfil profesional.	politica de proteccion de datos, politica, de, proteccion, de, datos	Politica De Proteccion De Datos	https://www.uan.edu.co/politica-de-proteccion-de-datos		
q_50_uan	Página oficial del programa académico 50 Uan. Contiene información detallada sobre la presentación del programa, modalidad de estudio, en qué sede se encuentra y perfil profesional.	50 uan, 50, uan	50 Uan	https://www.uan.edu.co/50-uan		
q_index_php	Página oficial del programa académico Index.Php. Contiene información detallada sobre la presentación del programa, modalidad de estudio, en qué sede se encuentra y perfil profesional.	index.php, index.php	Index.Php	https://www.uan.edu.co/index.php		
q_odontologia	Página oficial del programa académico Odontologia. Contiene información detallada sobre la presentación del programa, modalidad de estudio, en qué sede se encuentra y perfil profesional.	odontologia, odontologia	Odontologia	https://www.uan.edu.co/odontologia		
q_ingenieria_de_software	Página oficial del programa académico Ingenieria De Software. Contiene información detallada sobre la presentación del programa, modalidad de estudio, en qué sede se encuentra y perfil profesional.	ingenieria de software, ingenieria, de, software	Ingenieria De Software	https://www.uan.edu.co/ingenieria-de-software		
q_psicologia	Página oficial del programa académico Psicologia. Contiene información detallada sobre la presentación del programa, modalidad de estudio, en qué sede se encuentra y perfil profesional.	psicologia, psicologia	Psicologia	https://www.uan.edu.co/psicologia		
q_administracion_de_empresas	Página oficial del programa académico Administracion De Empresas. Contiene información detallada sobre la presentación del programa, modalidad de estudio, en qué sede se encuentra y perfil profesional.	administracion de empresas, administracion, de, empresas	Administracion De Empresas	https://www.uan.edu.co/administracion-de-empresas		
q_derecho	Página oficial del programa académico Derecho. Contiene información detallada sobre la presentación del programa, modalidad de estudio, en qué sede se encuentra y perfil profesional.	derecho, derecho	Derecho	https://www.uan.edu.co/derecho		
q_licenciatura_en_educacion_infantil	Página oficial del programa académico Licenciatura En Educacion Infantil. Contiene información detallada sobre la presentación del programa, modalidad de estudio, en qué sede se encuentra y perfil profesional.	licenciatura en educacion infantil, licenciatura, en, educacion, infantil	Licenciatura En Educacion Infantil	https://www.uan.edu.co/licenciatura-en-educacion-infantil		
q_licenciatura_en_tecnologia_e_informatica	Página oficial del programa académico Licenciatura En Tecnologia E Informatica. Contiene información detallada sobre la presentación del programa, modalidad de estudio, en qué sede se encuentra y perfil profesional.	licenciatura en tecnologia e informatica, licenciatura, en, tecnologia, e, informatica	Licenciatura En Tecnologia E Informatica	https://www.uan.edu.co/licenciatura-en-tecnologia-e-informatica		
q_trabajo_social	Página oficial del programa académico Trabajo Social. Contiene información detallada sobre la presentación del programa, modalidad de estudio, en qué sede se encuentra y perfil profesional.	trabajo social, trabajo, social	Trabajo Social	https://www.uan.edu.co/trabajo-social		
q_especializacion_en_enfermeria_materno_pe	Página oficial del programa académico Especializacion En Enfermeria Materno Perinatal. Contiene información detallada sobre la presentación del programa, modalidad de estudio, en qué sede se encuentra y perfil profesional.	especializacion en enfermeria materno perinatal, especializacion, en, enfermeria, materno, perinatal	Especializacion En Enfermeria Materno Perinatal	https://www.uan.edu.co/especializacion-en-enfermeria-materno-perinatal		
q_especializacion_en_ortodoncia	Página oficial del programa académico Especializacion En Ortodoncia. Contiene información detallada sobre la presentación del programa, modalidad de estudio, en qué sede se encuentra y perfil profesional.	especializacion en ortodoncia, especializacion, en, ortodoncia	Especializacion En Ortodoncia	https://www.uan.edu.co/especializacion-en-ortodoncia		
q_maestria_en_psicologia_clinica	Página oficial del programa académico Maestria En Psicologia Clinica. Contiene información detallada sobre la presentación del programa, modalidad de estudio, en qué sede se encuentra y perfil profesional.	maestria en psicologia clinica, maestria, en, psicologia, clinica	Maestria En Psicologia Clinica	https://www.uan.edu.co/maestria-en-psicologia-clinica		
q_especializacion_en_administracion_public	Página oficial del programa académico Especializacion En Administracion Publica. Contiene información detallada sobre la presentación del programa, modalidad de estudio, en qué sede se encuentra y perfil profesional.	especializacion en administracion publica, especializacion, en, administracion, publica	Especializacion En Administracion Publica	https://www.uan.edu.co/especializacion-en-administracion-publica		
q_especializacion_en_analitica_de_datos	Página oficial del programa académico Especializacion En Analitica De Datos. Contiene información detallada sobre la presentación del programa, modalidad de estudio, en qué sede se encuentra y perfil profesional.	especializacion en analitica de datos, especializacion, en, analitica, de, datos	Especializacion En Analitica De Datos	https://www.uan.edu.co/especializacion-en-analitica-de-datos		
q_especializacion_en_auditoria_de_sistemas	Página oficial del programa académico Especializacion En Auditoria De Sistemas. Contiene información detallada sobre la presentación del programa, modalidad de estudio, en qué sede se encuentra y perfil profesional.	especializacion en auditoria de sistemas, especializacion, en, auditoria, de, sistemas	Especializacion En Auditoria De Sistemas	https://www.uan.edu.co/especializacion-en-auditoria-de-sistemas		
q_especializacion_en_auditoria_y_control_f	Página oficial del programa académico Especializacion En Auditoria Y Control Fiscal. Contiene información detallada sobre la presentación del programa, modalidad de estudio, en qué sede se encuentra y perfil profesional.	especializacion en auditoria y control fiscal, especializacion, en, auditoria, y, control, fiscal	Especializacion En Auditoria Y Control Fiscal	https://www.uan.edu.co/especializacion-en-auditoria-y-control-fiscal		
q_especializacion_en_ciberseguridad	Página oficial del programa académico Especializacion En Ciberseguridad. Contiene información detallada sobre la presentación del programa, modalidad de estudio, en qué sede se encuentra y perfil profesional.	especializacion en ciberseguridad, especializacion, en, ciberseguridad	Especializacion En Ciberseguridad	https://www.uan.edu.co/especializacion-en-ciberseguridad		
q_especializacion_en_gerencia_del_desarrol	Página oficial del programa académico Especializacion En Gerencia Del Desarrollo Humano Y Organizacional. Contiene información detallada sobre la presentación del programa, modalidad de estudio, en qué sede se encuentra y perfil profesional.	especializacion en gerencia del desarrollo humano y organizacional, especializacion, en, gerencia, del, desarrollo, humano, y, organizacional	Especializacion En Gerencia Del Desarrollo Humano Y Organizacional	https://www.uan.edu.co/especializacion-en-gerencia-del-desarrollo-humano-y-organizacional		
q_especializacion_en_gestion_financiera	Página oficial del programa académico Especializacion En Gestion Financiera. Contiene información detallada sobre la presentación del programa, modalidad de estudio, en qué sede se encuentra y perfil profesional.	especializacion en gestion financiera, especializacion, en, gestion, financiera	Especializacion En Gestion Financiera	https://www.uan.edu.co/especializacion-en-gestion-financiera		
q_especializacion_en_psicologia_organizaci	Página oficial del programa académico Especializacion En Psicologia Organizacional. Contiene información detallada sobre la presentación del programa, modalidad de estudio, en qué sede se encuentra y perfil profesional.	especializacion en psicologia organizacional, especializacion, en, psicologia, organizacional	Especializacion En Psicologia Organizacional	https://www.uan.edu.co/especializacion-en-psicologia-organizacional		
q_especializacion_en_seguridad_y_salud_en_	Página oficial del programa académico Especializacion En Seguridad Y Salud En El Trabajo. Contiene información detallada sobre la presentación del programa, modalidad de estudio, en qué sede se encuentra y perfil profesional.	especializacion en seguridad y salud en el trabajo, especializacion, en, seguridad, y, salud, en, el, trabajo	Especializacion En Seguridad Y Salud En El Trabajo	https://www.uan.edu.co/especializacion-en-seguridad-y-salud-en-el-trabajo		
q_especializacion_en_sistemas_de_informaci	Página oficial del programa académico Especializacion En Sistemas De Informacion Geografica. Contiene información detallada sobre la presentación del programa, modalidad de estudio, en qué sede se encuentra y perfil profesional.	especializacion en sistemas de informacion geografica, especializacion, en, sistemas, de, informacion, geografica	Especializacion En Sistemas De Informacion Geografica	https://www.uan.edu.co/especializacion-en-sistemas-de-informacion-geografica		
q_maestria_en_arquitectura_de_software	Página oficial del programa académico Maestria En Arquitectura De Software. Contiene información detallada sobre la presentación del programa, modalidad de estudio, en qué sede se encuentra y perfil profesional.	maestria en arquitectura de software, maestria, en, arquitectura, de, software	Maestria En Arquitectura De Software	https://www.uan.edu.co/maestria-en-arquitectura-de-software		
q_maestria_en_didactica_de_las_lenguas_ext	Página oficial del programa académico Maestria En Didactica De Las Lenguas Extranjeras. Contiene información detallada sobre la presentación del programa, modalidad de estudio, en qué sede se encuentra y perfil profesional.	maestria en didactica de las lenguas extranjeras, maestria, en, didactica, de, las, lenguas, extranjeras	Maestria En Didactica De Las Lenguas Extranjeras	https://www.uan.edu.co/maestria-en-didactica-de-las-lenguas-extranjeras		
q_maestria_en_economia_de_la_salud	Página oficial del programa académico Maestria En Economia De La Salud. Contiene información detallada sobre la presentación del programa, modalidad de estudio, en qué sede se encuentra y perfil profesional.	maestria en economia de la salud, maestria, en, economia, de, la, salud	Maestria En Economia De La Salud	https://www.uan.edu.co/maestria-en-economia-de-la-salud		
q_maestria_en_gerencia_del_capital_humano_	Página oficial del programa académico Maestria En Gerencia Del Capital Humano E Intelectual. Contiene información detallada sobre la presentación del programa, modalidad de estudio, en qué sede se encuentra y perfil profesional.	maestria en gerencia del capital humano e intelectual, maestria, en, gerencia, del, capital, humano, e, intelectual	Maestria En Gerencia Del Capital Humano E Intelectual	https://www.uan.edu.co/maestria-en-gerencia-del-capital-humano-e-intelectual		
q_maestria_en_gerencia_financiera_y_tribut	Página oficial del programa académico Maestria En Gerencia Financiera Y Tributaria. Contiene información detallada sobre la presentación del programa, modalidad de estudio, en qué sede se encuentra y perfil profesional.	maestria en gerencia financiera y tributaria, maestria, en, gerencia, financiera, y, tributaria	Maestria En Gerencia Financiera Y Tributaria	https://www.uan.edu.co/maestria-en-gerencia-financiera-y-tributaria		
q_maestria_en_inclusion_social	Página oficial del programa académico Maestria En Inclusion Social. Contiene información detallada sobre la presentación del programa, modalidad de estudio, en qué sede se encuentra y perfil profesional.	maestria en inclusion social, maestria, en, inclusion, social	Maestria En Inclusion Social	https://www.uan.edu.co/maestria-en-inclusion-social		
q_maestria_en_mediacion_familiar	Página oficial del programa académico Maestria En Mediacion Familiar. Contiene información detallada sobre la presentación del programa, modalidad de estudio, en qué sede se encuentra y perfil profesional.	maestria en mediacion familiar, maestria, en, mediacion, familiar	Maestria En Mediacion Familiar	https://www.uan.edu.co/maestria-en-mediacion-familiar		
q_maestria_en_migraciones_e_interculturali	Página oficial del programa académico Maestria En Migraciones E Interculturalidad. Contiene información detallada sobre la presentación del programa, modalidad de estudio, en qué sede se encuentra y perfil profesional.	maestria en migraciones e interculturalidad, maestria, en, migraciones, e, interculturalidad	Maestria En Migraciones E Interculturalidad	https://www.uan.edu.co/maestria-en-migraciones-e-interculturalidad		
q_maestria_en_prevencion_y_gestion_del_rie	Página oficial del programa académico Maestria En Prevencion Y Gestion Del Riesgo De La Drogodependencia. Contiene información detallada sobre la presentación del programa, modalidad de estudio, en qué sede se encuentra y perfil profesional.	maestria en prevencion y gestion del riesgo de la drogodependencia, maestria, en, prevencion, y, gestion, del, riesgo, de, la, drogodependencia	Maestria En Prevencion Y Gestion Del Riesgo De La Drogodependencia	https://www.uan.edu.co/maestria-en-prevencion-y-gestion-del-riesgo-de-la-drogodependencia		
q_desarrollo_integral	Página oficial del programa académico Desarrollo Integral. Contiene información detallada sobre la presentación del programa, modalidad de estudio, en qué sede se encuentra y perfil profesional.	desarrollo integral, desarrollo, integral	Desarrollo Integral	https://www.uan.edu.co/desarrollo-integral		
q_arquitectura	Página oficial del programa académico Arquitectura. Contiene información detallada sobre la presentación del programa, modalidad de estudio, en qué sede se encuentra y perfil profesional.	arquitectura, arquitectura	Arquitectura	https://www.uan.edu.co/arquitectura		
q_comercio_internacional	Página oficial del programa académico Comercio Internacional. Contiene información detallada sobre la presentación del programa, modalidad de estudio, en qué sede se encuentra y perfil profesional.	comercio internacional, comercio, internacional	Comercio Internacional	https://www.uan.edu.co/comercio-internacional		
q_ingenieria_electromecanica	Página oficial del programa académico Ingenieria Electromecanica. Contiene información detallada sobre la presentación del programa, modalidad de estudio, en qué sede se encuentra y perfil profesional.	ingenieria electromecanica, ingenieria, electromecanica	Ingenieria Electromecanica	https://www.uan.edu.co/ingenieria-electromecanica		
q_ingenieria_biomedica	Página oficial del programa académico Ingenieria Biomedica. Contiene información detallada sobre la presentación del programa, modalidad de estudio, en qué sede se encuentra y perfil profesional.	ingenieria biomedica, ingenieria, biomedica	Ingenieria Biomedica	https://www.uan.edu.co/ingenieria-biomedica		
q_ingenieria_electronica	Página oficial del programa académico Ingenieria Electronica. Contiene información detallada sobre la presentación del programa, modalidad de estudio, en qué sede se encuentra y perfil profesional.	ingenieria electronica, ingenieria, electronica	Ingenieria Electronica	https://www.uan.edu.co/ingenieria-electronica		
q_ingenieria_industrial	Página oficial del programa académico Ingenieria Industrial. Contiene información detallada sobre la presentación del programa, modalidad de estudio, en qué sede se encuentra y perfil profesional.	ingenieria industrial, ingenieria, industrial	Ingenieria Industrial	https://www.uan.edu.co/ingenieria-industrial		
q_artes_plasticas_y_visuales	Página oficial del programa académico Artes Plasticas Y Visuales. Contiene información detallada sobre la presentación del programa, modalidad de estudio, en qué sede se encuentra y perfil profesional.	artes plasticas y visuales, artes, plasticas, y, visuales	Artes Plasticas Y Visuales	https://www.uan.edu.co/artes-plasticas-y-visuales		
q_bioquimica	Página oficial del programa académico Bioquimica. Contiene información detallada sobre la presentación del programa, modalidad de estudio, en qué sede se encuentra y perfil profesional.	bioquimica, bioquimica	Bioquimica	https://www.uan.edu.co/bioquimica		
q_biotecnologia	Página oficial del programa académico Biotecnologia. Contiene información detallada sobre la presentación del programa, modalidad de estudio, en qué sede se encuentra y perfil profesional.	biotecnologia, biotecnologia	Biotecnologia	https://www.uan.edu.co/biotecnologia		
q_diseno_grafico	Página oficial del programa académico Diseno Grafico. Contiene información detallada sobre la presentación del programa, modalidad de estudio, en qué sede se encuentra y perfil profesional.	diseno grafico, diseno, grafico	Diseno Grafico	https://www.uan.edu.co/diseno-grafico		
q_diseno_industrial	Página oficial del programa académico Diseno Industrial. Contiene información detallada sobre la presentación del programa, modalidad de estudio, en qué sede se encuentra y perfil profesional.	diseno industrial, diseno, industrial	Diseno Industrial	https://www.uan.edu.co/diseno-industrial		
q_enfermeria	Página oficial del programa académico Enfermeria. Contiene información detallada sobre la presentación del programa, modalidad de estudio, en qué sede se encuentra y perfil profesional.	enfermeria, enfermeria	Enfermeria	https://www.uan.edu.co/enfermeria		
q_medicina	Página oficial del programa académico Medicina. Contiene información detallada sobre la presentación del programa, modalidad de estudio, en qué sede se encuentra y perfil profesional.	medicina, medicina	Medicina	https://www.uan.edu.co/medicina		
q_medicina_veterinaria	Página oficial del programa académico Medicina Veterinaria. Contiene información detallada sobre la presentación del programa, modalidad de estudio, en qué sede se encuentra y perfil profesional.	medicina veterinaria, medicina, veterinaria	Medicina Veterinaria	https://www.uan.edu.co/medicina-veterinaria		
q_musica	Página oficial del programa académico Musica. Contiene información detallada sobre la presentación del programa, modalidad de estudio, en qué sede se encuentra y perfil profesional.	musica, musica	Musica	https://www.uan.edu.co/musica		
q_optometria	Página oficial del programa académico Optometria. Contiene información detallada sobre la presentación del programa, modalidad de estudio, en qué sede se encuentra y perfil profesional.	optometria, optometria	Optometria	https://www.uan.edu.co/optometria		
q_tecnologia_en_analisis_de_bioprocesos_y_	Página oficial de la Sede Tecnologia En Analisis De Bioprocesos Y Control De Calidad. Contiene información sobre la oferta académica de pregrados y posgrados disponibles en esta sede, así como la dirección física y números de contacto.	tecnologia en analisis de bioprocesos y control de calidad, tecnologia, en, analisis, de, bioprocesos, y, control, de, calidad	Tecnologia En Analisis De Bioprocesos Y Control De Calidad	https://www.uan.edu.co/tecnologia-en-analisis-de-bioprocesos-y-control-de-calidad		
q_doctorado_en_ciencia_aplicada	Página oficial del programa académico Doctorado En Ciencia Aplicada. Contiene información detallada sobre la presentación del programa, modalidad de estudio, en qué sede se encuentra y perfil profesional.	doctorado en ciencia aplicada, doctorado, en, ciencia, aplicada	Doctorado En Ciencia Aplicada	https://www.uan.edu.co/doctorado-en-ciencia-aplicada		
q_doctorado_en_ciencias_de_la_salud	Página oficial del programa académico Doctorado En Ciencias De La Salud. Contiene información detallada sobre la presentación del programa, modalidad de estudio, en qué sede se encuentra y perfil profesional.	doctorado en ciencias de la salud, doctorado, en, ciencias, de, la, salud	Doctorado En Ciencias De La Salud	https://www.uan.edu.co/doctorado-en-ciencias-de-la-salud		
q_doctorado_en_ciencias_naturales_y_exacta	Página oficial del programa académico Doctorado En Ciencias Naturales Y Exactas. Contiene información detallada sobre la presentación del programa, modalidad de estudio, en qué sede se encuentra y perfil profesional.	doctorado en ciencias naturales y exactas, doctorado, en, ciencias, naturales, y, exactas	Doctorado En Ciencias Naturales Y Exactas	https://www.uan.edu.co/doctorado-en-ciencias-naturales-y-exactas		
q_doctorado_en_ingenieria	Página oficial del programa académico Doctorado En Ingenieria. Contiene información detallada sobre la presentación del programa, modalidad de estudio, en qué sede se encuentra y perfil profesional.	doctorado en ingenieria, doctorado, en, ingenieria	Doctorado En Ingenieria	https://www.uan.edu.co/doctorado-en-ingenieria		
q_especializacion_en_instrumentacion_elect	Página oficial del programa académico Especializacion En Instrumentacion Electronica Y Biomedica. Contiene información detallada sobre la presentación del programa, modalidad de estudio, en qué sede se encuentra y perfil profesional.	especializacion en instrumentacion electronica y biomedica, especializacion, en, instrumentacion, electronica, y, biomedica	Especializacion En Instrumentacion Electronica Y Biomedica	https://www.uan.edu.co/especializacion-en-instrumentacion-electronica-y-biomedica		
q_especializacion_en_periodoncia	Página oficial del programa académico Especializacion En Periodoncia. Contiene información detallada sobre la presentación del programa, modalidad de estudio, en qué sede se encuentra y perfil profesional.	especializacion en periodoncia, especializacion, en, periodoncia	Especializacion En Periodoncia	https://www.uan.edu.co/especializacion-en-periodoncia		
q_maestria_en_arte_sonoro	Página oficial del programa académico Maestria En Arte Sonoro. Contiene información detallada sobre la presentación del programa, modalidad de estudio, en qué sede se encuentra y perfil profesional.	maestria en arte sonoro, maestria, en, arte, sonoro	Maestria En Arte Sonoro	https://www.uan.edu.co/maestria-en-arte-sonoro		
q_maestria_en_bienestar_animal	Página oficial del programa académico Maestria En Bienestar Animal. Contiene información detallada sobre la presentación del programa, modalidad de estudio, en qué sede se encuentra y perfil profesional.	maestria en bienestar animal, maestria, en, bienestar, animal	Maestria En Bienestar Animal	https://www.uan.edu.co/maestria-en-bienestar-animal		
q_maestria_en_bioquimica	Página oficial del programa académico Maestria En Bioquimica. Contiene información detallada sobre la presentación del programa, modalidad de estudio, en qué sede se encuentra y perfil profesional.	maestria en bioquimica, maestria, en, bioquimica	Maestria En Bioquimica	https://www.uan.edu.co/maestria-en-bioquimica		
q_maestria_en_cuidados_paliativos	Página oficial del programa académico Maestria En Cuidados Paliativos. Contiene información detallada sobre la presentación del programa, modalidad de estudio, en qué sede se encuentra y perfil profesional.	maestria en cuidados paliativos, maestria, en, cuidados, paliativos	Maestria En Cuidados Paliativos	https://www.uan.edu.co/maestria-en-cuidados-paliativos		
q_maestria_en_ingenieria_de_bioprocesos	Página oficial del programa académico Maestria En Ingenieria De Bioprocesos. Contiene información detallada sobre la presentación del programa, modalidad de estudio, en qué sede se encuentra y perfil profesional.	maestria en ingenieria de bioprocesos, maestria, en, ingenieria, de, bioprocesos	Maestria En Ingenieria De Bioprocesos	https://www.uan.edu.co/maestria-en-ingenieria-de-bioprocesos		
q_maestria_en_ingenieria_fisica	Página oficial del programa académico Maestria En Ingenieria Fisica. Contiene información detallada sobre la presentación del programa, modalidad de estudio, en qué sede se encuentra y perfil profesional.	maestria en ingenieria fisica, maestria, en, ingenieria, fisica	Maestria En Ingenieria Fisica	https://www.uan.edu.co/maestria-en-ingenieria-fisica		
q_maestria_en_metrologia	Página oficial del programa académico Maestria En Metrologia. Contiene información detallada sobre la presentación del programa, modalidad de estudio, en qué sede se encuentra y perfil profesional.	maestria en metrologia, maestria, en, metrologia	Maestria En Metrologia	https://www.uan.edu.co/maestria-en-metrologia		
q_maestria_en_practicas_artisticas_en_habi	Página oficial del programa académico Maestria En Practicas Artisticas En Habitat. Contiene información detallada sobre la presentación del programa, modalidad de estudio, en qué sede se encuentra y perfil profesional.	maestria en practicas artisticas en habitat, maestria, en, practicas, artisticas, en, habitat	Maestria En Practicas Artisticas En Habitat	https://www.uan.edu.co/maestria-en-practicas-artisticas-en-habitat		
q_maestria_en_salud_colectiva	Página oficial del programa académico Maestria En Salud Colectiva. Contiene información detallada sobre la presentación del programa, modalidad de estudio, en qué sede se encuentra y perfil profesional.	maestria en salud colectiva, maestria, en, salud, colectiva	Maestria En Salud Colectiva	https://www.uan.edu.co/maestria-en-salud-colectiva		
q_administracion_de_negocios_turisticos_y_	Página oficial del programa académico Administracion De Negocios Turisticos Y Hoteleros. Contiene información detallada sobre la presentación del programa, modalidad de estudio, en qué sede se encuentra y perfil profesional.	administracion de negocios turisticos y hoteleros, administracion, de, negocios, turisticos, y, hoteleros	Administracion De Negocios Turisticos Y Hoteleros	https://www.uan.edu.co/administracion-de-negocios-turisticos-y-hoteleros		
q_contaduria_publica	Página oficial del programa académico Contaduria Publica. Contiene información detallada sobre la presentación del programa, modalidad de estudio, en qué sede se encuentra y perfil profesional.	contaduria publica, contaduria, publica	Contaduria Publica	https://www.uan.edu.co/contaduria-publica		
q_ingenieria_ambiental	Página oficial del programa académico Ingenieria Ambiental. Contiene información detallada sobre la presentación del programa, modalidad de estudio, en qué sede se encuentra y perfil profesional.	ingenieria ambiental, ingenieria, ambiental	Ingenieria Ambiental	https://www.uan.edu.co/ingenieria-ambiental		
q_ingenieria_civil	Página oficial del programa académico Ingenieria Civil. Contiene información detallada sobre la presentación del programa, modalidad de estudio, en qué sede se encuentra y perfil profesional.	ingenieria civil, ingenieria, civil	Ingenieria Civil	https://www.uan.edu.co/ingenieria-civil		
q_maestria_en_politicas_publicas_medioambi	Página oficial del programa académico Maestria En Politicas Publicas Medioambientales. Contiene información detallada sobre la presentación del programa, modalidad de estudio, en qué sede se encuentra y perfil profesional.	maestria en politicas publicas medioambientales, maestria, en, politicas, publicas, medioambientales	Maestria En Politicas Publicas Medioambientales	https://www.uan.edu.co/maestria-en-politicas-publicas-medioambientales		
q_profesional_en_danza_teatro	Página oficial del programa académico Profesional En Danza Teatro. Contiene información detallada sobre la presentación del programa, modalidad de estudio, en qué sede se encuentra y perfil profesional.	profesional en danza teatro, profesional, en, danza, teatro	Profesional En Danza Teatro	https://www.uan.edu.co/profesional-en-danza-teatro		
q_especializacion_en_actuaria	Página oficial del programa académico Especializacion En Actuaria. Contiene información detallada sobre la presentación del programa, modalidad de estudio, en qué sede se encuentra y perfil profesional.	especializacion en actuaria, especializacion, en, actuaria	Especializacion En Actuaria	https://www.uan.edu.co/especializacion-en-actuaria		
q_maestria_en_actuaria	Página oficial del programa académico Maestria En Actuaria. Contiene información detallada sobre la presentación del programa, modalidad de estudio, en qué sede se encuentra y perfil profesional.	maestria en actuaria, maestria, en, actuaria	Maestria En Actuaria	https://www.uan.edu.co/maestria-en-actuaria		
q_economia	Página oficial del programa académico Economia. Contiene información detallada sobre la presentación del programa, modalidad de estudio, en qué sede se encuentra y perfil profesional.	economia, economia	Economia	https://www.uan.edu.co/economia		
q_especializacion_en_derecho_administrativ	Página oficial del programa académico Especializacion En Derecho Administrativo Y Procedimiento Administrativo. Contiene información detallada sobre la presentación del programa, modalidad de estudio, en qué sede se encuentra y perfil profesional.	especializacion en derecho administrativo y procedimiento administrativo, especializacion, en, derecho, administrativo, y, procedimiento, administrativo	Especializacion En Derecho Administrativo Y Procedimiento Administrativo	https://www.uan.edu.co/especializacion-en-derecho-administrativo-y-procedimiento-administrativo		
q_maestria_en_criminologia_y_conflicto	Página oficial del programa académico Maestria En Criminologia Y Conflicto. Contiene información detallada sobre la presentación del programa, modalidad de estudio, en qué sede se encuentra y perfil profesional.	maestria en criminologia y conflicto, maestria, en, criminologia, y, conflicto	Maestria En Criminologia Y Conflicto	https://www.uan.edu.co/maestria-en-criminologia-y-conflicto		
q_maestria_en_derecho_de_familia	Página oficial del programa académico Maestria En Derecho De Familia. Contiene información detallada sobre la presentación del programa, modalidad de estudio, en qué sede se encuentra y perfil profesional.	maestria en derecho de familia, maestria, en, derecho, de, familia	Maestria En Derecho De Familia	https://www.uan.edu.co/maestria-en-derecho-de-familia		
q_facultad_de_derecho_servicios_consultori	Página oficial del programa académico Facultad De Derecho Servicios Consultorio Juridico. Contiene información detallada sobre la presentación del programa, modalidad de estudio, en qué sede se encuentra y perfil profesional. Allí puedes ver los eventos y demás información de la facultad.	facultad de derecho servicios consultorio juridico, facultad, de, derecho, servicios, consultorio, juridico	Facultad De Derecho Servicios Consultorio Juridico	https://www.uan.edu.co/facultad-de-derecho-servicios-consultorio-juridico		
q_licenciatura_en_artes_escenicas	Página oficial del programa académico Licenciatura En Artes Escenicas. Contiene información detallada sobre la presentación del programa, modalidad de estudio, en qué sede se encuentra y perfil profesional.	licenciatura en artes escenicas, licenciatura, en, artes, escenicas	Licenciatura En Artes Escenicas	https://www.uan.edu.co/licenciatura-en-artes-escenicas		
q_licenciatura_en_ciencias_sociales	Página oficial del programa académico Licenciatura En Ciencias Sociales. Contiene información detallada sobre la presentación del programa, modalidad de estudio, en qué sede se encuentra y perfil profesional.	licenciatura en ciencias sociales, licenciatura, en, ciencias, sociales	Licenciatura En Ciencias Sociales	https://www.uan.edu.co/licenciatura-en-ciencias-sociales		
q_licenciatura_en_espanol_e_ingles	Página oficial del programa académico Licenciatura En Espanol E Ingles. Contiene información detallada sobre la presentación del programa, modalidad de estudio, en qué sede se encuentra y perfil profesional.	licenciatura en espanol e ingles, licenciatura, en, espanol, e, ingles	Licenciatura En Espanol E Ingles	https://www.uan.edu.co/licenciatura-en-espanol-e-ingles		
q_licenciatura_en_matematicas	Página oficial del programa académico Licenciatura En Matematicas. Contiene información detallada sobre la presentación del programa, modalidad de estudio, en qué sede se encuentra y perfil profesional.	licenciatura en matematicas, licenciatura, en, matematicas	Licenciatura En Matematicas	https://www.uan.edu.co/licenciatura-en-matematicas		
q_licenciatura_en_ciencias_naturales_y_edu	Página oficial del programa académico Licenciatura En Ciencias Naturales Y Educacion Ambiental. Contiene información detallada sobre la presentación del programa, modalidad de estudio, en qué sede se encuentra y perfil profesional.	licenciatura en ciencias naturales y educacion ambiental, licenciatura, en, ciencias, naturales, y, educacion, ambiental	Licenciatura En Ciencias Naturales Y Educacion Ambiental	https://www.uan.edu.co/licenciatura-en-ciencias-naturales-y-educacion-ambiental		
q_doctorado_en_educacion	Página oficial del programa académico Doctorado En Educacion. Contiene información detallada sobre la presentación del programa, modalidad de estudio, en qué sede se encuentra y perfil profesional.	doctorado en educacion, doctorado, en, educacion	Doctorado En Educacion	https://www.uan.edu.co/doctorado-en-educacion		
q_maestria_en_educacion	Página oficial del programa académico Maestria En Educacion. Contiene información detallada sobre la presentación del programa, modalidad de estudio, en qué sede se encuentra y perfil profesional.	maestria en educacion, maestria, en, educacion	Maestria En Educacion	https://www.uan.edu.co/maestria-en-educacion		
q_maestria_en_didactica_de_las_artes_escen	Página oficial del programa académico Maestria En Didactica De Las Artes Escenicas. Contiene información detallada sobre la presentación del programa, modalidad de estudio, en qué sede se encuentra y perfil profesional.	maestria en didactica de las artes escenicas, maestria, en, didactica, de, las, artes, escenicas	Maestria En Didactica De Las Artes Escenicas	https://www.uan.edu.co/maestria-en-didactica-de-las-artes-escenicas		
q_maestria_en_gestion_de_la_infraestructur	Página oficial del programa académico Maestria En Gestion De La Infraestructura. Contiene información detallada sobre la presentación del programa, modalidad de estudio, en qué sede se encuentra y perfil profesional.	maestria en gestion de la infraestructura, maestria, en, gestion, de, la, infraestructura	Maestria En Gestion De La Infraestructura	https://www.uan.edu.co/maestria-en-gestion-de-la-infraestructura		
q_ingenieria_de_sistemas_y_computacion	Página oficial del programa académico Ingenieria De Sistemas Y Computacion. Contiene información detallada sobre la presentación del programa, modalidad de estudio, en qué sede se encuentra y perfil profesional.	ingenieria de sistemas y computacion, ingenieria, de, sistemas, y, computacion	Ingenieria De Sistemas Y Computacion	https://www.uan.edu.co/ingenieria-de-sistemas-y-computacion		
q_especializacion_en_gobierno_de_datos	Página oficial del programa académico Especializacion En Gobierno De Datos. Contiene información detallada sobre la presentación del programa, modalidad de estudio, en qué sede se encuentra y perfil profesional.	especializacion en gobierno de datos, especializacion, en, gobierno, de, datos	Especializacion En Gobierno De Datos	https://www.uan.edu.co/especializacion-en-gobierno-de-datos		
q_especializacion_en_ingenieria_de_softwar	Página oficial del programa académico Especializacion En Ingenieria De Software. Contiene información detallada sobre la presentación del programa, modalidad de estudio, en qué sede se encuentra y perfil profesional.	especializacion en ingenieria de software, especializacion, en, ingenieria, de, software	Especializacion En Ingenieria De Software	https://www.uan.edu.co/especializacion-en-ingenieria-de-software		
q_ingenieria_en_control_y_automatizacion_i	Página oficial del programa académico Ingenieria En Control Y Automatizacion Industrial. Contiene información detallada sobre la presentación del programa, modalidad de estudio, en qué sede se encuentra y perfil profesional.	ingenieria en control y automatizacion industrial, ingenieria, en, control, y, automatizacion, industrial	Ingenieria En Control Y Automatizacion Industrial	https://www.uan.edu.co/ingenieria-en-control-y-automatizacion-industrial		
q_ingenieria_mecatronica	Página oficial del programa académico Ingenieria Mecatronica. Contiene información detallada sobre la presentación del programa, modalidad de estudio, en qué sede se encuentra y perfil profesional.	ingenieria mecatronica, ingenieria, mecatronica	Ingenieria Mecatronica	https://www.uan.edu.co/ingenieria-mecatronica		
q_ingenieria_mecanica	Página oficial del programa académico Ingenieria Mecanica. Contiene información detallada sobre la presentación del programa, modalidad de estudio, en qué sede se encuentra y perfil profesional.	ingenieria mecanica, ingenieria, mecanica	Ingenieria Mecanica	https://www.uan.edu.co/ingenieria-mecanica		
q_tecnologia_en_mecanica_automotriz	Página oficial del programa académico Tecnologia En Mecanica Automotriz. Contiene información detallada sobre la presentación del programa, modalidad de estudio, en qué sede se encuentra y perfil profesional.	tecnologia en mecanica automotriz, tecnologia, en, mecanica, automotriz	Tecnologia En Mecanica Automotriz	https://www.uan.edu.co/tecnologia-en-mecanica-automotriz		
q_maestria_en_automatizacion_e_instrumenta	Página oficial del programa académico Maestria En Automatizacion E Instrumentacion. Contiene información detallada sobre la presentación del programa, modalidad de estudio, en qué sede se encuentra y perfil profesional.	maestria en automatizacion e instrumentacion, maestria, en, automatizacion, e, instrumentacion	Maestria En Automatizacion E Instrumentacion	https://www.uan.edu.co/maestria-en-automatizacion-e-instrumentacion		
q_maestria_en_equidad_de_genero	Página oficial del programa académico Maestria En Equidad De Genero. Contiene información detallada sobre la presentación del programa, modalidad de estudio, en qué sede se encuentra y perfil profesional.	maestria en equidad de genero, maestria, en, equidad, de, genero	Maestria En Equidad De Genero	https://www.uan.edu.co/maestria-en-equidad-de-genero		
q_doctorado_en_educacion_matematica	Página oficial del programa académico Doctorado En Educacion Matematica. Contiene información detallada sobre la presentación del programa, modalidad de estudio, en qué sede se encuentra y perfil profesional.	doctorado en educacion matematica, doctorado, en, educacion, matematica	Doctorado En Educacion Matematica	https://www.uan.edu.co/doctorado-en-educacion-matematica		
q_page_463	Página oficial del programa académico Page 463. Contiene información detallada sobre la presentación del programa, modalidad de estudio, en qué sede se encuentra y perfil profesional.	page 463, page, 463	Page 463	https://www.uan.edu.co/component/sppagebuilder/page/463		
q_edu_gongora	Página oficial del programa académico Edu Gongora. Contiene información detallada sobre la presentación del programa, modalidad de estudio, en qué sede se encuentra y perfil profesional.	edu gongora, edu, gongora	Edu Gongora	https://www.uan.edu.co/www.linkedin.com/in/edu-gongora		
q_1_dra_mary_falk_de_losada_rectora_itemid	Página oficial del programa académico 1 Dra Mary Falk De Losada Rectora?Itemid=0. Contiene información detallada sobre la presentación del programa, modalidad de estudio, en qué sede se encuentra y perfil profesional.	1 dra mary falk de losada rectora?itemid=0, 1, dra, mary, falk, de, losada, rectora?itemid=0	1 Dra Mary Falk De Losada Rectora?Itemid=0	https://www.uan.edu.co/component/spsimpleportfolio/item/1-dra-mary-falk-de-losada-rectora?itemid=0		
q_2_dra_diana_quintero_vicerrectora_academ	Página oficial del programa académico 2 Dra Diana Quintero Vicerrectora Academica?Itemid=0. Contiene información detallada sobre la presentación del programa, modalidad de estudio, en qué sede se encuentra y perfil profesional.	2 dra diana quintero vicerrectora academica?itemid=0, 2, dra, diana, quintero, vicerrectora, academica?itemid=0	2 Dra Diana Quintero Vicerrectora Academica?Itemid=0	https://www.uan.edu.co/component/spsimpleportfolio/item/2-dra-diana-quintero-vicerrectora-academica?itemid=0		
q_3_dra_gabriela_navarro_itemid_0	Página oficial del programa académico 3 Dra Gabriela Navarro?Itemid=0. Contiene información detallada sobre la presentación del programa, modalidad de estudio, en qué sede se encuentra y perfil profesional.	3 dra gabriela navarro?itemid=0, 3, dra, gabriela, navarro?itemid=0	3 Dra Gabriela Navarro?Itemid=0	https://www.uan.edu.co/component/spsimpleportfolio/item/3-dra-gabriela-navarro?itemid=0		
q_11_dr_fredy_alberto_sanz_ramirez_itemid_	Página oficial del programa académico 11 Dr Fredy Alberto Sanz Ramirez?Itemid=0. Contiene información detallada sobre la presentación del programa, modalidad de estudio, en qué sede se encuentra y perfil profesional.	11 dr fredy alberto sanz ramirez?itemid=0, 11, dr, fredy, alberto, sanz, ramirez?itemid=0	11 Dr Fredy Alberto Sanz Ramirez?Itemid=0	https://www.uan.edu.co/component/spsimpleportfolio/item/11-dr-fredy-alberto-sanz-ramirez?itemid=0		
q_12_lina_fernanda_ortega_vicerrectora_ite	Página oficial del programa académico 12 Lina Fernanda Ortega Vicerrectora?Itemid=0. Contiene información detallada sobre la presentación del programa, modalidad de estudio, en qué sede se encuentra y perfil profesional.	12 lina fernanda ortega vicerrectora?itemid=0, 12, lina, fernanda, ortega, vicerrectora?itemid=0	12 Lina Fernanda Ortega Vicerrectora?Itemid=0	https://www.uan.edu.co/component/spsimpleportfolio/item/12-lina-fernanda-ortega-vicerrectora?itemid=0		
q_13_martha_lucia_carvalho_itemid_0	Página oficial del programa académico 13 Martha Lucia Carvalho?Itemid=0. Contiene información detallada sobre la presentación del programa, modalidad de estudio, en qué sede se encuentra y perfil profesional.	13 martha lucia carvalho?itemid=0, 13, martha, lucia, carvalho?itemid=0	13 Martha Lucia Carvalho?Itemid=0	https://www.uan.edu.co/component/spsimpleportfolio/item/13-martha-lucia-carvalho?itemid=0		
q_ciuan	Página oficial del Centro de Idiomas (CIUAN). Aquí podrás consultar toda la información sobre nuestros cursos de idiomas.	ciuan, idiomas, centro de idiomas, curso, cursos, ingles, lenguas, cursos de idiomas	Centro de Idiomas UAN	https://sites.google.com/uan.edu.co/ciuan/		
